<?xml version="1.0" encoding="UTF-8"?>
<GenRun Id="synth_1" LaunchPart="xc7vx485tffg1761-2" LaunchTime="1434657905">
  <File Type="VDS-TIMING-PB" Name="Update_timing_summary_synth.pb"/>
  <File Type="VDS-TIMINGSUMMARY" Name="Update_timing_summary_synth.rpt"/>
  <File Type="RDS-DCP" Name="Update.dcp"/>
  <File Type="RDS-UTIL-PB" Name="Update_utilization_synth.pb"/>
  <File Type="RDS-UTIL" Name="Update_utilization_synth.rpt"/>
  <File Type="RDS-PROPCONSTRS" Name="Update_drc_synth.rpt"/>
  <File Type="RDS-RDS" Name="Update.vds"/>
  <File Type="PA-TCL" Name="Update.tcl"/>
  <File Type="RUN-STRAT" Name="$PDATADIR/runs/synth_1/synth_1.psg"/>
  <File Type="RUN-SRCS" Name="$PDATADIR/runs/synth_1/sources.xml"/>
  <File Type="RUN-CONSTRS" Name="$PDATADIR/runs/synth_1/constrs_in.xml"/>
  <FileSet Name="sources" Type="DesignSrcs" RelSrcDir="$PSRCDIR/sources_1">
    <Filter Type="Srcs"/>
    <File Path="$PSRCDIR/sources_1/imports/Update/LED_Display.vhd">
      <FileInfo>
        <Attr Name="ImportPath" Val="$PPRDIR/../Update_module/Update_module.srcs/sources_1/imports/Update/LED_Display.vhd"/>
        <Attr Name="ImportTime" Val="1420673606"/>
        <Attr Name="UsedIn" Val="synthesis"/>
        <Attr Name="UsedIn" Val="simulation"/>
      </FileInfo>
    </File>
    <File Path="$PSRCDIR/sources_1/imports/Update/Update_top.vhd">
      <FileInfo>
        <Attr Name="ImportPath" Val="$PPRDIR/../Update_module/Update_module.srcs/sources_1/imports/Update/Update_top.vhd"/>
        <Attr Name="ImportTime" Val="1420673948"/>
        <Attr Name="UsedIn" Val="synthesis"/>
        <Attr Name="UsedIn" Val="simulation"/>
      </FileInfo>
    </File>
    <File Path="$PSRCDIR/sources_1/ip/clk_200MHZ/clk_200MHZ.upgrade_log"/>
    <Config>
      <Option Name="DesignMode" Val="RTL"/>
      <Option Name="TopModule" Val="Update"/>
      <Option Name="TopAutoSet" Val="TRUE"/>
    </Config>
  </FileSet>
  <FileSet Name="constrs_in" Type="Constrs" RelSrcDir="$PSRCDIR/constrs_1">
    <Filter Type="Constrs"/>
    <File Path="$PSRCDIR/constrs_1/imports/Update/Update_xdc.xdc">
      <FileInfo>
        <Attr Name="ImportPath" Val="$PPRDIR/../Update_module/Update_module.srcs/constrs_1/imports/Update/Update_xdc.xdc"/>
        <Attr Name="ImportTime" Val="1420673520"/>
        <Attr Name="UsedIn" Val="synthesis"/>
        <Attr Name="UsedIn" Val="implementation"/>
      </FileInfo>
    </File>
    <Config>
      <Option Name="ConstrsType" Val="XDC"/>
    </Config>
  </FileSet>
  <Strategy Version="1" Minor="2">
    <StratHandle Name="Vivado Synthesis Defaults" Flow="Vivado Synthesis 2014"/>
    <Step Id="synth_design"/>
  </Strategy>
  <BlockFileSet Type="BlockSrcs" Name="clk_200MHZ"/>
</GenRun>
