<?xml version="1.0" encoding="UTF-8"?>
<GenRun Id="impl_1" LaunchPart="xc7vx485tffg1761-2" LaunchTime="1434657905">
  <File Type="WBT-USG" Name="usage_statistics_webtalk.html"/>
  <File Type="RDI-RDI" Name="Update.vdi"/>
  <File Type="BG-DRC" Name="Update.drc"/>
  <File Type="BG-BGN" Name="Update.bgn"/>
  <File Type="BITSTR-SYSDEF" Name="Update.sysdef"/>
  <File Type="BITSTR-MMI" Name="Update.mmi"/>
  <File Type="BITSTR-BMM" Name="Update_bd.bmm"/>
  <File Type="BITSTR-NKY" Name="Update.nky"/>
  <File Type="BITSTR-RBT" Name="Update.rbt"/>
  <File Type="BITSTR-MSK" Name="Update.msk"/>
  <File Type="BG-BIN" Name="Update.bin"/>
  <File Type="BG-BIT" Name="Update.bit"/>
  <File Type="POSTROUTE-PHYSOPT-TIMING-RPX" Name="Update_timing_summary_postroute_physopted.rpx"/>
  <File Type="POSTROUTE-PHYSOPT-TIMING" Name="Update_timing_summary_postroute_physopted.rpt"/>
  <File Type="POSTROUTE-PHYSOPT-DCP" Name="Update_postroute_physopt.dcp"/>
  <File Type="ROUTE-CLK" Name="Update_clock_utilization_routed.rpt"/>
  <File Type="ROUTE-SIMILARITY" Name="Update_incremental_reuse_routed.rpt"/>
  <File Type="ROUTE-TIMING-RPX" Name="Update_timing_summary_routed.rpx"/>
  <File Type="ROUTE-TIMING-PB" Name="Update_timing_summary_routed.pb"/>
  <File Type="ROUTE-TIMINGSUMMARY" Name="Update_timing_summary_routed.rpt"/>
  <File Type="ROUTE-STATUS-PB" Name="Update_route_status.pb"/>
  <File Type="ROUTE-STATUS" Name="Update_route_status.rpt"/>
  <File Type="ROUTE-PWR-SUM" Name="Update_power_summary_routed.pb"/>
  <File Type="ROUTE-PWR" Name="Update_power_routed.rpt"/>
  <File Type="ROUTE-DRC-PB" Name="Update_drc_routed.pb"/>
  <File Type="ROUTE-DRC" Name="Update_drc_routed.rpt"/>
  <File Type="ROUTE-DCP" Name="Update_routed.dcp"/>
  <File Type="PHYSOPT-DRC" Name="Update_drc_physopted.rpt"/>
  <File Type="PHYSOPT-DCP" Name="Update_physopt.dcp"/>
  <File Type="POSTPLACE-PWROPT-DCP" Name="Update_postplace_pwropt.dcp"/>
  <File Type="PLACE-PRE-SIMILARITY" Name="Update_incremental_reuse_pre_placed.rpt"/>
  <File Type="PLACE-SIMILARITY" Name="Update_incremental_reuse_placed.rpt"/>
  <File Type="PLACE-CTRL" Name="Update_control_sets_placed.rpt"/>
  <File Type="PLACE-UTIL-PB" Name="Update_utilization_placed.pb"/>
  <File Type="PLACE-UTIL" Name="Update_utilization_placed.rpt"/>
  <File Type="PLACE-CLK" Name="Update_clock_utilization_placed.rpt"/>
  <File Type="PLACE-IO" Name="Update_io_placed.rpt"/>
  <File Type="PLACE-DCP" Name="Update_placed.dcp"/>
  <File Type="PWROPT-DRC" Name="Update_drc_pwropted.rpt"/>
  <File Type="PWROPT-DCP" Name="Update_pwropt.dcp"/>
  <File Type="OPT-HWDEF" Name="Update.hwdef"/>
  <File Type="OPT-DRC" Name="Update_drc_opted.rpt"/>
  <File Type="OPT-DCP" Name="Update_opt.dcp"/>
  <File Type="POSTROUTE-PHYSOPT-TIMING-PB" Name="Update_timing_summary_postroute_physopted.pb"/>
  <File Type="PA-TCL" Name="Update.tcl"/>
  <File Type="RUN-STRAT" Name="$PDATADIR/runs/impl_1/impl_1.psg"/>
  <File Type="RUN-SRCS" Name="$PDATADIR/runs/impl_1/sources.xml"/>
  <File Type="RUN-CONSTRS" Name="$PDATADIR/runs/impl_1/constrs_in.xml"/>
  <FileSet Name="sources" Type="DesignSrcs" RelSrcDir="$PSRCDIR/sources_1">
    <Filter Type="Srcs"/>
    <File Path="$PSRCDIR/sources_1/imports/Update/LED_Display.vhd">
      <FileInfo>
        <Attr Name="ImportPath" Val="$PPRDIR/../Update_module/Update_module.srcs/sources_1/imports/Update/LED_Display.vhd"/>
        <Attr Name="ImportTime" Val="1420673606"/>
        <Attr Name="UsedIn" Val="synthesis"/>
        <Attr Name="UsedIn" Val="simulation"/>
      </FileInfo>
    </File>
    <File Path="$PSRCDIR/sources_1/imports/Update/Update_top.vhd">
      <FileInfo>
        <Attr Name="ImportPath" Val="$PPRDIR/../Update_module/Update_module.srcs/sources_1/imports/Update/Update_top.vhd"/>
        <Attr Name="ImportTime" Val="1420673948"/>
        <Attr Name="UsedIn" Val="synthesis"/>
        <Attr Name="UsedIn" Val="simulation"/>
      </FileInfo>
    </File>
    <File Path="$PSRCDIR/sources_1/ip/clk_200MHZ/clk_200MHZ.upgrade_log"/>
    <Config>
      <Option Name="DesignMode" Val="RTL"/>
      <Option Name="TopModule" Val="Update"/>
      <Option Name="TopAutoSet" Val="TRUE"/>
    </Config>
  </FileSet>
  <FileSet Name="constrs_in" Type="Constrs" RelSrcDir="$PSRCDIR/constrs_1">
    <Filter Type="Constrs"/>
    <File Path="$PSRCDIR/constrs_1/imports/Update/Update_xdc.xdc">
      <FileInfo>
        <Attr Name="ImportPath" Val="$PPRDIR/../Update_module/Update_module.srcs/constrs_1/imports/Update/Update_xdc.xdc"/>
        <Attr Name="ImportTime" Val="1420673520"/>
        <Attr Name="UsedIn" Val="synthesis"/>
        <Attr Name="UsedIn" Val="implementation"/>
      </FileInfo>
    </File>
    <Config>
      <Option Name="ConstrsType" Val="XDC"/>
    </Config>
  </FileSet>
  <Strategy Version="1" Minor="2">
    <StratHandle Name="Vivado Implementation Defaults" Flow="Vivado Implementation 2014"/>
    <Step Id="init_design"/>
    <Step Id="opt_design"/>
    <Step Id="power_opt_design"/>
    <Step Id="place_design"/>
    <Step Id="post_place_power_opt_design"/>
    <Step Id="phys_opt_design"/>
    <Step Id="route_design"/>
    <Step Id="post_route_phys_opt_design"/>
    <Step Id="write_bitstream"/>
  </Strategy>
  <BlockFileSet Type="BlockSrcs" Name="clk_200MHZ"/>
</GenRun>
