<?xml version="1.0" encoding="UTF-8"?>
<GenRun Id="impl_1" LaunchPart="xc7vx485tffg1761-2" LaunchTime="1434657463">
  <File Type="WBT-USG" Name="usage_statistics_webtalk.html"/>
  <File Type="RDI-RDI" Name="Golden.vdi"/>
  <File Type="BG-DRC" Name="Golden.drc"/>
  <File Type="BG-BGN" Name="Golden.bgn"/>
  <File Type="BITSTR-SYSDEF" Name="Golden.sysdef"/>
  <File Type="BITSTR-MMI" Name="Golden.mmi"/>
  <File Type="BITSTR-BMM" Name="Golden_bd.bmm"/>
  <File Type="BITSTR-NKY" Name="Golden.nky"/>
  <File Type="BITSTR-RBT" Name="Golden.rbt"/>
  <File Type="BITSTR-MSK" Name="Golden.msk"/>
  <File Type="BG-BIN" Name="Golden.bin"/>
  <File Type="BG-BIT" Name="Golden.bit"/>
  <File Type="POSTROUTE-PHYSOPT-TIMING-RPX" Name="Golden_timing_summary_postroute_physopted.rpx"/>
  <File Type="POSTROUTE-PHYSOPT-TIMING" Name="Golden_timing_summary_postroute_physopted.rpt"/>
  <File Type="POSTROUTE-PHYSOPT-DCP" Name="Golden_postroute_physopt.dcp"/>
  <File Type="ROUTE-CLK" Name="Golden_clock_utilization_routed.rpt"/>
  <File Type="ROUTE-SIMILARITY" Name="Golden_incremental_reuse_routed.rpt"/>
  <File Type="ROUTE-TIMING-RPX" Name="Golden_timing_summary_routed.rpx"/>
  <File Type="ROUTE-TIMING-PB" Name="Golden_timing_summary_routed.pb"/>
  <File Type="ROUTE-TIMINGSUMMARY" Name="Golden_timing_summary_routed.rpt"/>
  <File Type="ROUTE-STATUS-PB" Name="Golden_route_status.pb"/>
  <File Type="ROUTE-STATUS" Name="Golden_route_status.rpt"/>
  <File Type="ROUTE-PWR-SUM" Name="Golden_power_summary_routed.pb"/>
  <File Type="ROUTE-PWR" Name="Golden_power_routed.rpt"/>
  <File Type="ROUTE-DRC-PB" Name="Golden_drc_routed.pb"/>
  <File Type="ROUTE-DRC" Name="Golden_drc_routed.rpt"/>
  <File Type="ROUTE-DCP" Name="Golden_routed.dcp"/>
  <File Type="PHYSOPT-DRC" Name="Golden_drc_physopted.rpt"/>
  <File Type="PHYSOPT-DCP" Name="Golden_physopt.dcp"/>
  <File Type="POSTPLACE-PWROPT-DCP" Name="Golden_postplace_pwropt.dcp"/>
  <File Type="PLACE-PRE-SIMILARITY" Name="Golden_incremental_reuse_pre_placed.rpt"/>
  <File Type="PLACE-SIMILARITY" Name="Golden_incremental_reuse_placed.rpt"/>
  <File Type="PLACE-CTRL" Name="Golden_control_sets_placed.rpt"/>
  <File Type="PLACE-UTIL-PB" Name="Golden_utilization_placed.pb"/>
  <File Type="PLACE-UTIL" Name="Golden_utilization_placed.rpt"/>
  <File Type="PLACE-CLK" Name="Golden_clock_utilization_placed.rpt"/>
  <File Type="PLACE-IO" Name="Golden_io_placed.rpt"/>
  <File Type="PLACE-DCP" Name="Golden_placed.dcp"/>
  <File Type="PWROPT-DRC" Name="Golden_drc_pwropted.rpt"/>
  <File Type="PWROPT-DCP" Name="Golden_pwropt.dcp"/>
  <File Type="OPT-HWDEF" Name="Golden.hwdef"/>
  <File Type="OPT-DRC" Name="Golden_drc_opted.rpt"/>
  <File Type="OPT-DCP" Name="Golden_opt.dcp"/>
  <File Type="POSTROUTE-PHYSOPT-TIMING-PB" Name="Golden_timing_summary_postroute_physopted.pb"/>
  <File Type="PA-TCL" Name="Golden.tcl"/>
  <File Type="RUN-STRAT" Name="$PDATADIR/runs/impl_1/impl_1.psg"/>
  <File Type="RUN-SRCS" Name="$PDATADIR/runs/impl_1/sources.xml"/>
  <File Type="RUN-CONSTRS" Name="$PDATADIR/runs/impl_1/constrs_in.xml"/>
  <FileSet Name="sources" Type="DesignSrcs" RelSrcDir="$PSRCDIR/sources_1">
    <Filter Type="Srcs"/>
    <File Path="$PSRCDIR/sources_1/imports/Golden/LED_Display.vhd">
      <FileInfo>
        <Attr Name="ImportPath" Val="$PPRDIR/../../../../../Users/kkaur/Desktop/Multiboot_Ref/Ref_design/Source Files/Golden/LED_Display.vhd"/>
        <Attr Name="ImportTime" Val="1415301370"/>
        <Attr Name="UsedIn" Val="synthesis"/>
        <Attr Name="UsedIn" Val="simulation"/>
      </FileInfo>
    </File>
    <File Path="$PSRCDIR/sources_1/imports/Golden/Golden_top.vhd">
      <FileInfo>
        <Attr Name="ImportPath" Val="$PPRDIR/../../../../../Users/kkaur/Desktop/Multiboot_Ref/Ref_design/Source Files/Golden/Golden_top.vhd"/>
        <Attr Name="ImportTime" Val="1420670927"/>
        <Attr Name="UsedIn" Val="synthesis"/>
        <Attr Name="UsedIn" Val="simulation"/>
      </FileInfo>
    </File>
    <File Path="$PSRCDIR/sources_1/ip/clk_200MHZ/clk_200MHZ.upgrade_log"/>
    <Config>
      <Option Name="DesignMode" Val="RTL"/>
      <Option Name="TopModule" Val="Golden"/>
      <Option Name="TopAutoSet" Val="TRUE"/>
    </Config>
  </FileSet>
  <FileSet Name="constrs_in" Type="Constrs" RelSrcDir="$PSRCDIR/constrs_1">
    <Filter Type="Constrs"/>
    <File Path="$PSRCDIR/constrs_1/imports/Golden/Golden_xdc.xdc">
      <FileInfo>
        <Attr Name="ImportPath" Val="$PPRDIR/../../../../../Users/kkaur/Desktop/Multiboot_Ref/Ref_design/Source Files/Golden/Golden_xdc.xdc"/>
        <Attr Name="ImportTime" Val="1420672409"/>
        <Attr Name="UsedIn" Val="synthesis"/>
        <Attr Name="UsedIn" Val="implementation"/>
      </FileInfo>
    </File>
    <Config>
      <Option Name="ConstrsType" Val="XDC"/>
    </Config>
  </FileSet>
  <Strategy Version="1" Minor="2">
    <StratHandle Name="Vivado Implementation Defaults" Flow="Vivado Implementation 2014"/>
    <Step Id="init_design"/>
    <Step Id="opt_design"/>
    <Step Id="power_opt_design"/>
    <Step Id="place_design"/>
    <Step Id="post_place_power_opt_design"/>
    <Step Id="phys_opt_design"/>
    <Step Id="route_design"/>
    <Step Id="post_route_phys_opt_design"/>
    <Step Id="write_bitstream"/>
  </Strategy>
  <BlockFileSet Type="BlockSrcs" Name="clk_200MHZ"/>
</GenRun>
