<?xml version="1.0" encoding="UTF-8"?>
<GenRun Id="clk_200MHZ_synth_1" LaunchPart="xc7k325tffg900-2" LaunchTime="1434658531">
  <File Type="VDS-TIMING-PB" Name="clk_200MHZ_timing_summary_synth.pb"/>
  <File Type="VDS-TIMINGSUMMARY" Name="clk_200MHZ_timing_summary_synth.rpt"/>
  <File Type="RDS-DCP" Name="clk_200MHZ.dcp"/>
  <File Type="RDS-UTIL-PB" Name="clk_200MHZ_utilization_synth.pb"/>
  <File Type="RDS-UTIL" Name="clk_200MHZ_utilization_synth.rpt"/>
  <File Type="RUN-CONSTRS" Name="$PDATADIR/runs/clk_200MHZ_synth_1/constrs_in.xml"/>
  <File Type="RUN-SRCS" Name="$PDATADIR/runs/clk_200MHZ_synth_1/sources.xml"/>
  <File Type="RDS-RDS" Name="clk_200MHZ.vds"/>
  <File Type="RUN-STRAT" Name="$PDATADIR/runs/clk_200MHZ_synth_1/clk_200MHZ_synth_1.psg"/>
  <File Type="PA-TCL" Name="clk_200MHZ.tcl"/>
  <File Type="RDS-PROPCONSTRS" Name="clk_200MHZ_drc_synth.rpt"/>
  <FileSet Name="sources" Type="BlockSrcs" RelSrcDir="$PSRCDIR/clk_200MHZ">
    <File Path="$PSRCDIR/sources_1/ip/clk_200MHZ/clk_200MHZ.xci">
      <FileInfo>
        <Attr Name="ImportPath" Val="$PPRDIR/../../../KC705_Multiboot_SPI_XAPP_design_files/Vivado/Golden/Golden.srcs/sources_1/ip/clk_200MHZ/clk_200MHZ.xci"/>
        <Attr Name="ImportTime" Val="1428953459"/>
        <Attr Name="UsedIn" Val="synthesis"/>
        <Attr Name="UsedIn" Val="implementation"/>
        <Attr Name="UsedIn" Val="simulation"/>
      </FileInfo>
    </File>
    <Config>
      <Option Name="TopModule" Val="clk_200MHZ"/>
      <Option Name="UseBlackboxStub" Val="1"/>
    </Config>
  </FileSet>
  <FileSet Name="constrs_in" Type="BlockSrcs" RelSrcDir="$PSRCDIR/clk_200MHZ">
    <File Path="$PSRCDIR/sources_1/ip/clk_200MHZ/clk_200MHZ.xci">
      <FileInfo>
        <Attr Name="ImportPath" Val="$PPRDIR/../../../KC705_Multiboot_SPI_XAPP_design_files/Vivado/Golden/Golden.srcs/sources_1/ip/clk_200MHZ/clk_200MHZ.xci"/>
        <Attr Name="ImportTime" Val="1428953459"/>
        <Attr Name="UsedIn" Val="synthesis"/>
        <Attr Name="UsedIn" Val="implementation"/>
        <Attr Name="UsedIn" Val="simulation"/>
      </FileInfo>
    </File>
    <Config>
      <Option Name="TopModule" Val="clk_200MHZ"/>
      <Option Name="UseBlackboxStub" Val="1"/>
    </Config>
  </FileSet>
  <Strategy Version="1" Minor="2">
    <StratHandle Name="Vivado Synthesis Defaults" Flow="Vivado Synthesis 2015">
      <Desc>Vivado Synthesis Defaults</Desc>
    </StratHandle>
    <Step Id="synth_design"/>
  </Strategy>
</GenRun>
