<?xml version="1.0" encoding="UTF-8"?>
<component>
    <DashboardHolder activeDashboard="SYSMON">
        <Dashboard columnResizable="1" key="SYSMON" rowResizable="0" title="SYSMON">
            <Settings/>
            <GadgetContainer boxAxis="1" count="1" height="726"
                layout="JideBoxLayout" vgap="6" width="1084">
                <Gadget height="531" key="Sensor Plot" width="1084">
                    <SysMon_plot
                        SysMon_name="localhost/xilinx_tcf/Xilinx/Port_#0003.Hub_#0001/xc7vx485t_0/SYSMON"
                        SysMon_plot_refresh_rate="1000"
                        SysMon_plot_track_time="1" name="Sensor Plot"/>
                    <SysMon_sensor SysMon_sensor_color="-65281" name="TEMPERATURE"/>
                    <SysMon_sensor SysMon_sensor_color="-256" name="VCCINT"/>
                </Gadget>
                <Settings/>
            </GadgetContainer>
        </Dashboard>
    </DashboardHolder>
</component>
