<?xml version="1.0" encoding="UTF-8" ?>
<webTalkData  fileName='usage_statistics_ext_sdk.xml'  majorVersion='1' minorVersion='0' timeStamp='Sat May 02 17:38:49 2015'>
<section name="__ROOT__" level="0" order="1" description="">
 <section name="software_version_and_target_device" level="1" order="1" description="">
  <keyValuePair key="beta" value="false" description="" />
  <keyValuePair key="build_version" value="2015.1" description="" />
  <keyValuePair key="date_generated" value="Sat May 2 17:38:48 2015" description="" />
  <keyValuePair key="os_platform" value="amd64" description="" />
  <keyValuePair key="product_version" value="SDK v2015.1" description="" />
  <keyValuePair key="project_id" value="2015.1_37" description="" />
  <keyValuePair key="project_iteration" value="37" description="" />
  <keyValuePair key="random_id" value="k2hoo5blep20nn2hsnab68v05j" description="" />
  <keyValuePair key="registration_id" value="1_2_4_3" description="" />
  <keyValuePair key="route_design" value="NA" description="" />
  <keyValuePair key="target_device" value="NA" description="" />
  <keyValuePair key="target_family" value="NA" description="" />
  <keyValuePair key="target_package" value="NA" description="" />
  <keyValuePair key="target_speed" value="NA" description="" />
  <keyValuePair key="tool_flow" value="SDK" description="" />
 </section>
 <section name="user_environment" level="1" order="2" description="">
  <keyValuePair key="cpu_name" value="Intel(R) Xeon(R) CPU E5-2680 0 @ 2.70GHz" description="" />
  <keyValuePair key="cpu_speed" value="2693 MHz" description="" />
  <keyValuePair key="os_name" value="Microsoft Windows 7 , 64-bit" description="" />
  <keyValuePair key="os_release" value="Service Pack 1  (build 7601)" description="" />
  <keyValuePair key="system_ram" value="137.000 GB" description="" />
  <keyValuePair key="total_processors" value="2" description="" />
 </section>
 <section name="sdk" level="1" order="3" description="">
  <section name="application/1430609840361" level="2" order="1" description="">
   <keyValuePair key="apptemplate" value="empty_application" description="" />
   <keyValuePair key="bspid" value="1430609578907" description="" />
   <keyValuePair key="hwid" value="1430609570567" description="" />
   <keyValuePair key="newbsp" value="false" description="" />
   <keyValuePair key="os" value="standalone" description="" />
   <keyValuePair key="uid" value="1430609840361" description="" />
  </section>
  <section name="application/1430609855446" level="2" order="2" description="">
   <keyValuePair key="apptemplate" value="empty_application" description="" />
   <keyValuePair key="bspid" value="1430609578907" description="" />
   <keyValuePair key="hwid" value="1430609570567" description="" />
   <keyValuePair key="newbsp" value="false" description="" />
   <keyValuePair key="os" value="standalone" description="" />
   <keyValuePair key="uid" value="1430609855446" description="" />
  </section>
  <section name="bsp/1430609578907" level="2" order="3" description="">
   <keyValuePair key="apptemplate" value="null" description="" />
   <keyValuePair key="hwid" value="1430609570567" description="" />
   <keyValuePair key="os" value="standalone" description="" />
   <keyValuePair key="uid" value="1430609578907" description="" />
  </section>
  <section name="hardware/1430609570567" level="2" order="4" description="">
   <keyValuePair key="arch" value="artix7" description="" />
   <keyValuePair key="device" value="7a200t" description="" />
   <keyValuePair key="ishandoff" value="true" description="" />
   <keyValuePair key="iszynq" value="false" description="" />
   <keyValuePair key="processors" value="1" description="" />
   <keyValuePair key="uid" value="1430609570567" description="" />
   <keyValuePair key="vivadoversion" value="2015.1" description="" />
  </section>
 </section>
 <section name="vivado_usage" level="1" order="4" description="">
 </section>
</section>
</webTalkData>
