<?xml version="1.0" encoding="UTF-8"?>
<GenRun Id="synth_1" LaunchPart="xc7k325tffg900-2" LaunchTime="1434658581">
  <File Type="VDS-TIMING-PB" Name="Top_MultiBoot_Module_A_timing_summary_synth.pb"/>
  <File Type="VDS-TIMINGSUMMARY" Name="Top_MultiBoot_Module_A_timing_summary_synth.rpt"/>
  <File Type="RDS-DCP" Name="Top_MultiBoot_Module_A.dcp"/>
  <File Type="RDS-UTIL-PB" Name="Top_MultiBoot_Module_A_utilization_synth.pb"/>
  <File Type="RDS-UTIL" Name="Top_MultiBoot_Module_A_utilization_synth.rpt"/>
  <File Type="RDS-PROPCONSTRS" Name="Top_MultiBoot_Module_A_drc_synth.rpt"/>
  <File Type="RDS-RDS" Name="Top_MultiBoot_Module_A.vds"/>
  <File Type="PA-TCL" Name="Top_MultiBoot_Module_A.tcl"/>
  <File Type="RUN-STRAT" Name="$PDATADIR/runs/synth_1/synth_1.psg"/>
  <File Type="RUN-SRCS" Name="$PDATADIR/runs/synth_1/sources.xml"/>
  <File Type="RUN-CONSTRS" Name="$PDATADIR/runs/synth_1/constrs_in.xml"/>
  <FileSet Name="sources" Type="DesignSrcs" RelSrcDir="$PSRCDIR/sources_1">
    <Filter Type="Srcs"/>
    <File Path="$PSRCDIR/sources_1/imports/Golden/LED_Display.vhd">
      <FileInfo>
        <Attr Name="ImportPath" Val="$PPRDIR/../../../KC705_Multiboot_SPI_XAPP_design_files/Golden/LED_Display.vhd"/>
        <Attr Name="ImportTime" Val="1418862916"/>
        <Attr Name="UsedIn" Val="synthesis"/>
        <Attr Name="UsedIn" Val="simulation"/>
      </FileInfo>
    </File>
    <File Path="$PSRCDIR/sources_1/imports/Golden/Golden.vhd">
      <FileInfo>
        <Attr Name="ImportPath" Val="$PPRDIR/../../../KC705_Multiboot_SPI_XAPP_design_files/Golden/Golden.vhd"/>
        <Attr Name="ImportTime" Val="1418862895"/>
        <Attr Name="UsedIn" Val="synthesis"/>
        <Attr Name="UsedIn" Val="simulation"/>
      </FileInfo>
    </File>
    <File Path="$PSRCDIR/sources_1/ip/clk_200MHZ/clk_200MHZ.upgrade_log"/>
    <Config>
      <Option Name="DesignMode" Val="RTL"/>
      <Option Name="TopModule" Val="Top_MultiBoot_Module_A"/>
      <Option Name="TopAutoSet" Val="TRUE"/>
    </Config>
  </FileSet>
  <FileSet Name="constrs_in" Type="Constrs" RelSrcDir="$PSRCDIR/constrs_1">
    <Filter Type="Constrs"/>
    <File Path="$PSRCDIR/constrs_1/imports/new/Golden.xdc">
      <FileInfo>
        <Attr Name="ImportPath" Val="$PPRDIR/../../../KC705_Multiboot_SPI_XAPP_design_files/Golden/KC705_Multiboot_SPI_XAPP.srcs/constrs_1/new/Golden.xdc"/>
        <Attr Name="ImportTime" Val="1420586628"/>
        <Attr Name="UsedIn" Val="synthesis"/>
        <Attr Name="UsedIn" Val="implementation"/>
      </FileInfo>
    </File>
    <Config>
      <Option Name="ConstrsType" Val="XDC"/>
    </Config>
  </FileSet>
  <Strategy Version="1" Minor="2">
    <StratHandle Name="Vivado Synthesis Defaults" Flow="Vivado Synthesis 2014"/>
    <Step Id="synth_design"/>
  </Strategy>
  <BlockFileSet Type="BlockSrcs" Name="clk_200MHZ"/>
</GenRun>
