<?xml version="1.0" encoding="UTF-8"?>
<GenRun Id="impl_1" LaunchPart="xc7k325tffg900-2" LaunchTime="1434658539">
  <File Type="WBT-USG" Name="usage_statistics_webtalk.html"/>
  <File Type="RDI-RDI" Name="Top_MultiBoot_Module_B.vdi"/>
  <File Type="BG-DRC" Name="Top_MultiBoot_Module_B.drc"/>
  <File Type="BG-BGN" Name="Top_MultiBoot_Module_B.bgn"/>
  <File Type="BITSTR-SYSDEF" Name="Top_MultiBoot_Module_B.sysdef"/>
  <File Type="BITSTR-MMI" Name="Top_MultiBoot_Module_B.mmi"/>
  <File Type="BITSTR-BMM" Name="Top_MultiBoot_Module_B_bd.bmm"/>
  <File Type="BITSTR-NKY" Name="Top_MultiBoot_Module_B.nky"/>
  <File Type="BITSTR-RBT" Name="Top_MultiBoot_Module_B.rbt"/>
  <File Type="BITSTR-MSK" Name="Top_MultiBoot_Module_B.msk"/>
  <File Type="BG-BIN" Name="Top_MultiBoot_Module_B.bin"/>
  <File Type="BG-BIT" Name="Top_MultiBoot_Module_B.bit"/>
  <File Type="POSTROUTE-PHYSOPT-TIMING-RPX" Name="Top_MultiBoot_Module_B_timing_summary_postroute_physopted.rpx"/>
  <File Type="POSTROUTE-PHYSOPT-TIMING" Name="Top_MultiBoot_Module_B_timing_summary_postroute_physopted.rpt"/>
  <File Type="POSTROUTE-PHYSOPT-DCP" Name="Top_MultiBoot_Module_B_postroute_physopt.dcp"/>
  <File Type="ROUTE-CLK" Name="Top_MultiBoot_Module_B_clock_utilization_routed.rpt"/>
  <File Type="ROUTE-SIMILARITY" Name="Top_MultiBoot_Module_B_incremental_reuse_routed.rpt"/>
  <File Type="ROUTE-TIMING-RPX" Name="Top_MultiBoot_Module_B_timing_summary_routed.rpx"/>
  <File Type="ROUTE-TIMING-PB" Name="Top_MultiBoot_Module_B_timing_summary_routed.pb"/>
  <File Type="ROUTE-TIMINGSUMMARY" Name="Top_MultiBoot_Module_B_timing_summary_routed.rpt"/>
  <File Type="ROUTE-STATUS-PB" Name="Top_MultiBoot_Module_B_route_status.pb"/>
  <File Type="ROUTE-STATUS" Name="Top_MultiBoot_Module_B_route_status.rpt"/>
  <File Type="ROUTE-PWR-SUM" Name="Top_MultiBoot_Module_B_power_summary_routed.pb"/>
  <File Type="ROUTE-PWR" Name="Top_MultiBoot_Module_B_power_routed.rpt"/>
  <File Type="ROUTE-DRC-PB" Name="Top_MultiBoot_Module_B_drc_routed.pb"/>
  <File Type="ROUTE-DRC" Name="Top_MultiBoot_Module_B_drc_routed.rpt"/>
  <File Type="ROUTE-DCP" Name="Top_MultiBoot_Module_B_routed.dcp"/>
  <File Type="PHYSOPT-DRC" Name="Top_MultiBoot_Module_B_drc_physopted.rpt"/>
  <File Type="PHYSOPT-DCP" Name="Top_MultiBoot_Module_B_physopt.dcp"/>
  <File Type="POSTPLACE-PWROPT-DCP" Name="Top_MultiBoot_Module_B_postplace_pwropt.dcp"/>
  <File Type="PLACE-PRE-SIMILARITY" Name="Top_MultiBoot_Module_B_incremental_reuse_pre_placed.rpt"/>
  <File Type="PLACE-SIMILARITY" Name="Top_MultiBoot_Module_B_incremental_reuse_placed.rpt"/>
  <File Type="PLACE-CTRL" Name="Top_MultiBoot_Module_B_control_sets_placed.rpt"/>
  <File Type="PLACE-UTIL-PB" Name="Top_MultiBoot_Module_B_utilization_placed.pb"/>
  <File Type="PLACE-UTIL" Name="Top_MultiBoot_Module_B_utilization_placed.rpt"/>
  <File Type="PLACE-CLK" Name="Top_MultiBoot_Module_B_clock_utilization_placed.rpt"/>
  <File Type="PLACE-IO" Name="Top_MultiBoot_Module_B_io_placed.rpt"/>
  <File Type="PLACE-DCP" Name="Top_MultiBoot_Module_B_placed.dcp"/>
  <File Type="PWROPT-DRC" Name="Top_MultiBoot_Module_B_drc_pwropted.rpt"/>
  <File Type="PWROPT-DCP" Name="Top_MultiBoot_Module_B_pwropt.dcp"/>
  <File Type="OPT-HWDEF" Name="Top_MultiBoot_Module_B.hwdef"/>
  <File Type="OPT-DRC" Name="Top_MultiBoot_Module_B_drc_opted.rpt"/>
  <File Type="OPT-DCP" Name="Top_MultiBoot_Module_B_opt.dcp"/>
  <File Type="POSTROUTE-PHYSOPT-TIMING-PB" Name="Top_MultiBoot_Module_B_timing_summary_postroute_physopted.pb"/>
  <File Type="PA-TCL" Name="Top_MultiBoot_Module_B.tcl"/>
  <File Type="RUN-STRAT" Name="$PDATADIR/runs/impl_1/impl_1.psg"/>
  <File Type="RUN-SRCS" Name="$PDATADIR/runs/impl_1/sources.xml"/>
  <File Type="RUN-CONSTRS" Name="$PDATADIR/runs/impl_1/constrs_in.xml"/>
  <FileSet Name="sources" Type="DesignSrcs" RelSrcDir="$PSRCDIR/sources_1">
    <Filter Type="Srcs"/>
    <File Path="$PSRCDIR/sources_1/imports/Update/LED_Display.vhd">
      <FileInfo>
        <Attr Name="ImportPath" Val="$PPRDIR/../../../KC705_Multiboot_SPI_XAPP_design_files/Vivado/Update/LED_Display.vhd"/>
        <Attr Name="ImportTime" Val="1418862668"/>
        <Attr Name="UsedIn" Val="synthesis"/>
        <Attr Name="UsedIn" Val="simulation"/>
      </FileInfo>
    </File>
    <File Path="$PSRCDIR/sources_1/imports/Update/Multiboot.vhd">
      <FileInfo>
        <Attr Name="ImportPath" Val="$PPRDIR/../../../KC705_Multiboot_SPI_XAPP_design_files/Vivado/Update/Multiboot.vhd"/>
        <Attr Name="ImportTime" Val="1418862629"/>
        <Attr Name="UsedIn" Val="synthesis"/>
        <Attr Name="UsedIn" Val="simulation"/>
      </FileInfo>
    </File>
    <File Path="$PSRCDIR/sources_1/ip/clk_200MHZ/clk_200MHZ.upgrade_log"/>
    <Config>
      <Option Name="DesignMode" Val="RTL"/>
      <Option Name="TopModule" Val="Top_MultiBoot_Module_B"/>
      <Option Name="TopAutoSet" Val="TRUE"/>
    </Config>
  </FileSet>
  <FileSet Name="constrs_in" Type="Constrs" RelSrcDir="$PSRCDIR/constrs_1">
    <Filter Type="Constrs"/>
    <File Path="$PSRCDIR/constrs_1/imports/Update/Multiboot.xdc">
      <FileInfo>
        <Attr Name="ImportPath" Val="$PPRDIR/../../../KC705_Multiboot_SPI_XAPP_design_files/Vivado/Update/Multiboot.xdc"/>
        <Attr Name="ImportTime" Val="1420586720"/>
        <Attr Name="UsedIn" Val="synthesis"/>
        <Attr Name="UsedIn" Val="implementation"/>
      </FileInfo>
    </File>
    <Config>
      <Option Name="ConstrsType" Val="XDC"/>
    </Config>
  </FileSet>
  <Strategy Version="1" Minor="2">
    <StratHandle Name="Vivado Implementation Defaults" Flow="Vivado Implementation 2014"/>
    <Step Id="init_design"/>
    <Step Id="opt_design"/>
    <Step Id="power_opt_design"/>
    <Step Id="place_design"/>
    <Step Id="post_place_power_opt_design"/>
    <Step Id="phys_opt_design"/>
    <Step Id="route_design"/>
    <Step Id="post_route_phys_opt_design"/>
    <Step Id="write_bitstream"/>
  </Strategy>
  <BlockFileSet Type="BlockSrcs" Name="clk_200MHZ"/>
</GenRun>
